{
	"tags": "modified",
	"position": [
		-4.924535274505615,
		-0.07377444207668304,
		0
	],
	"rotation": [
		0,
		0,
		0
	],
	"scaling": [
		1.0602222681045532,
		1.0162060260772705,
		1.0602222681045532
	],
	"billboardMode": 0,
	"scalingDeterminant": 1,
	"infiniteDistance": false,
	"ignoreNonUniformScaling": false,
	"reIntegrateRotationIntoRotationQuaternion": false,
	"name": "field",
	"id": "77eaa5a3-3a86-493f-ae7f-13b589f95b91",
	"uniqueId": 212,
	"state": "",
	"metadata": {
		"script": {}
	},
	"type": "TransformNode",
	"localMatrix": {
		"0": 1,
		"1": 0,
		"2": 0,
		"3": 0,
		"4": 0,
		"5": 1,
		"6": 0,
		"7": 0,
		"8": 0,
		"9": 0,
		"10": 1,
		"11": 0,
		"12": 0,
		"13": 0,
		"14": 0,
		"15": 1
	},
	"isEnabled": true
}