{
	"materials": [],
	"meshes": [
		{
			"name": "keel",
			"id": "5f63a7a2-0d70-4765-9e04-45b80ff55014",
			"uniqueId": 17,
			"type": "Mesh",
			"tags": "modified",
			"position": [
				-0.6875935765134421,
				0.42625772521626126,
				6.4705460920749
			],
			"rotationQuaternion": [
				-0.02964228501100039,
				0.013634492540078992,
				0.0014434094554208882,
				0.999466533767712
			],
			"scaling": [
				0.15000000596046448,
				0.75,
				0.15000000596046448
			],
			"pivotMatrix": {
				"0": 1,
				"1": 0,
				"2": 0,
				"3": 0,
				"4": 0,
				"5": 1,
				"6": 0,
				"7": 0,
				"8": 0,
				"9": 0,
				"10": 1,
				"11": 0,
				"12": 0,
				"13": 0,
				"14": 0,
				"15": 1
			},
			"isEnabled": false,
			"isVisible": true,
			"infiniteDistance": false,
			"pickable": true,
			"receiveShadows": false,
			"billboardMode": 0,
			"visibility": 1,
			"checkCollisions": true,
			"isBlocker": false,
			"overrideMaterialSideOrientation": null,
			"parentId": "eb9ecf21-f08d-4860-9e57-dcc72f121f3e",
			"isUnIndexed": false,
			"geometryId": "91a7719f-0db1-4b53-8f55-95a040f3d1f4",
			"subMeshes": null,
			"materialId": "4d6d474e-b19d-4d8d-81cc-aa6a1bbd0d34",
			"physicsMass": 1,
			"physicsFriction": 0.2,
			"physicsRestitution": 1,
			"physicsImpostor": 2,
			"metadata": {
				"isPickable": true,
				"script": {},
				"prefab": {
					"prefabId": "56a99130-79f9-427b-97ac-e4d27a6a912f",
					"nodeId": "cc9b5c12-eba8-4c58-9edd-89ba5158d654",
					"properties": {
						"undefined.value": true,
						"_scaling.x": true,
						"_scaling.z": true,
						"_scaling.y": true,
						"undefined.y": true
					}
				}
			},
			"instances": [
				{
					"name": "keel 1",
					"id": "4a851ba6-d592-43a6-a9c1-5c51dcb68f04",
					"isEnabled": true,
					"isVisible": true,
					"isPickable": true,
					"checkCollisions": true,
					"position": [
						-0.1607265505468705,
						-1.0207424515478125,
						1.3770574550160941
					],
					"scaling": [
						0.15000000630913835,
						0.7500000017433693,
						0.15000000596046448
					],
					"parentId": "eb9ecf21-f08d-4860-9e57-dcc72f121f3e",
					"rotationQuaternion": [
						0,
						0,
						-0.0000340917322120886,
						0.9999999994188769
					],
					"physicsMass": 0.8,
					"physicsFriction": 0.2,
					"physicsRestitution": 0.8,
					"physicsImpostor": 2,
					"metadata": {
						"isPickable": true,
						"script": {}
					},
					"animations": [],
					"ranges": []
				},
				{
					"name": "keel 2",
					"id": "d611f71b-f473-47a9-bc78-11eb33a0c852",
					"isEnabled": true,
					"isVisible": true,
					"isPickable": true,
					"checkCollisions": true,
					"position": [
						0.295569424558789,
						-1.0201853817756579,
						2.0521501628899577
					],
					"scaling": [
						0.15000000596046448,
						0.75,
						0.15000000596046448
					],
					"parentId": "eb9ecf21-f08d-4860-9e57-dcc72f121f3e",
					"rotationQuaternion": [
						0,
						0,
						0,
						1
					],
					"physicsMass": 0.8,
					"physicsFriction": 0.2,
					"physicsRestitution": 0.8,
					"physicsImpostor": 2,
					"metadata": {
						"isPickable": true,
						"script": {}
					},
					"animations": [],
					"ranges": []
				},
				{
					"name": "keel 3",
					"id": "9216cc65-2846-4ffd-ae3c-4dd90ad095cc",
					"isEnabled": true,
					"isVisible": true,
					"isPickable": true,
					"checkCollisions": true,
					"position": [
						-0.6238067249267368,
						-1.0201911038217268,
						2.07531252821783
					],
					"scaling": [
						0.15000000596046448,
						0.75,
						0.15000000596046448
					],
					"parentId": "eb9ecf21-f08d-4860-9e57-dcc72f121f3e",
					"rotationQuaternion": [
						0,
						0,
						0,
						1
					],
					"physicsMass": 0.8,
					"physicsFriction": 0.2,
					"physicsRestitution": 0.8,
					"physicsImpostor": 2,
					"metadata": {
						"isPickable": true,
						"script": {}
					},
					"animations": [],
					"ranges": []
				},
				{
					"name": "keel 4",
					"id": "2a5bfe50-4877-4294-bc62-0f3164dd31b8",
					"isEnabled": true,
					"isVisible": true,
					"isPickable": true,
					"checkCollisions": true,
					"position": [
						-0.18980217281662876,
						-1.0201987332164855,
						2.8677086093856237
					],
					"scaling": [
						0.15000000596046448,
						0.75,
						0.15000000596046448
					],
					"parentId": "eb9ecf21-f08d-4860-9e57-dcc72f121f3e",
					"rotationQuaternion": [
						0,
						0,
						0,
						1
					],
					"physicsMass": 0.8,
					"physicsFriction": 0.2,
					"physicsRestitution": 0.8,
					"physicsImpostor": 2,
					"metadata": {
						"isPickable": true,
						"script": {}
					},
					"animations": [],
					"ranges": []
				},
				{
					"name": "keel 5",
					"id": "cc848776-45b7-42af-b011-d80bd6befb7b",
					"isEnabled": true,
					"isVisible": true,
					"isPickable": true,
					"checkCollisions": true,
					"position": [
						-1.0818514995869226,
						-1.0202054089368993,
						2.8736852864215385
					],
					"scaling": [
						0.15000000596046448,
						0.75,
						0.15000000596046448
					],
					"parentId": "eb9ecf21-f08d-4860-9e57-dcc72f121f3e",
					"rotationQuaternion": [
						0,
						0,
						0,
						1
					],
					"physicsMass": 0.8,
					"physicsFriction": 0.2,
					"physicsRestitution": 0.8,
					"physicsImpostor": 2,
					"metadata": {
						"isPickable": true,
						"script": {}
					},
					"animations": [],
					"ranges": []
				},
				{
					"name": "keel 6",
					"id": "ca70bfea-21ce-4ea7-a8e4-db3bef8c8bba",
					"isEnabled": true,
					"isVisible": true,
					"isPickable": true,
					"checkCollisions": true,
					"position": [
						0.6193461516594267,
						-1.0202111309829682,
						2.8656515338524393
					],
					"scaling": [
						0.15000000596046448,
						0.75,
						0.15000000596046448
					],
					"parentId": "eb9ecf21-f08d-4860-9e57-dcc72f121f3e",
					"rotationQuaternion": [
						0,
						0,
						0,
						1
					],
					"physicsMass": 0.8,
					"physicsFriction": 0.2,
					"physicsRestitution": 0.8,
					"physicsImpostor": 2,
					"metadata": {
						"isPickable": true,
						"script": {}
					},
					"animations": [],
					"ranges": []
				},
				{
					"name": "keel 7",
					"id": "48f27ed4-1bd0-48be-9486-598bd174352a",
					"isEnabled": true,
					"isVisible": true,
					"isPickable": true,
					"checkCollisions": true,
					"position": [
						-0.6973776928166968,
						-1.020217806703382,
						3.694549023223698
					],
					"scaling": [
						0.15000000596046448,
						0.75,
						0.15000000596046448
					],
					"parentId": "eb9ecf21-f08d-4860-9e57-dcc72f121f3e",
					"rotationQuaternion": [
						0,
						0,
						0,
						1
					],
					"physicsMass": 0.8,
					"physicsFriction": 0.2,
					"physicsRestitution": 0.8,
					"physicsImpostor": 2,
					"metadata": {
						"isPickable": true,
						"script": {}
					},
					"animations": [],
					"ranges": []
				},
				{
					"name": "keel 8",
					"id": "01380ab6-db64-49c5-956e-8195b08b6501",
					"isEnabled": true,
					"isVisible": true,
					"isPickable": true,
					"checkCollisions": true,
					"position": [
						0.19465494465279468,
						-1.020223528749451,
						3.7015423170970605
					],
					"scaling": [
						0.15000000596046448,
						0.75,
						0.15000000596046448
					],
					"parentId": "eb9ecf21-f08d-4860-9e57-dcc72f121f3e",
					"rotationQuaternion": [
						0,
						0,
						0,
						1
					],
					"physicsMass": 0.8,
					"physicsFriction": 0.2,
					"physicsRestitution": 0.8,
					"physicsImpostor": 2,
					"metadata": {
						"isPickable": true,
						"script": {}
					},
					"animations": [],
					"ranges": []
				},
				{
					"name": "keel 9",
					"id": "aa6cc389-baf9-4941-be01-4c6c8f2f0642",
					"isEnabled": true,
					"isVisible": true,
					"isPickable": true,
					"checkCollisions": true,
					"position": [
						-1.5353298431289948,
						-1.0202302044698648,
						3.7001604429906236
					],